Classifier,Accuracy,Log Loss
kNN,99.84251968503936,0.00268676129145884
GaussianNB,99.52630921134859,0.11989388441972615
DecisionTree,98.42269716285465,0.5447810999922198
Bagging,99.76377952755907,0.019283948362183733
AdaBoost,95.07936507936508,0.10608892188301053
RandomForest,100.0,0.02505130468595538
SVM_Linear,100.0,0.008892173112178995
SVM_Poly,100.0,0.008903721188796112
SVM_RBF,100.0,0.008903737758468422
SVM_Sigmoid,100.0,0.008929778457413991
