Classifier,Accuracy,Log Loss
kNN,100.0,2.1094237467878e-15
GaussianNB,100.0,2.1094237467878e-15
DecisionTree,99.67391304347825,0.11262644476601524
Bagging,99.8913043478261,0.008630681295082586
AdamBoost,99.8901098901099,0.0030219638685768904
RandomForest,100.0,0.01047707263061394
SVM_Linear,100.0,0.006207276038544162
SVM_Poly,100.0,0.006085375850722702
SVM_RBF,100.0,0.0062172881747736405
SVM_Sigmoid,100.0,0.0062244354782640746
