Classifier,Accuracy,Log Loss
kNN,99.84251968503936,0.00268676129145884
GaussianNB,99.52630921134859,0.11989388441972615
DecisionTree,99.05324334458193,0.3269981642187861
Bagging,99.76377952755907,0.019007621651915177
AdaBoost,95.07936507936508,0.10608959920875297
RandomForest,100.0,0.024827676274997493
SVM_Linear,100.0,0.008948390946307295
SVM_Poly,100.0,0.008926670035034364
SVM_RBF,100.0,0.008914790857376339
SVM_Sigmoid,100.0,0.008945375119922959
