Classifier,Accuracy,Log Loss
kNN,99.84251968503936,0.00268676129145884
GaussianNB,99.52630921134859,0.11989388441972615
DecisionTree,99.05324334458193,0.3269981642187861
Bagging,99.76377952755907,0.018279213798100484
AdaBoost,95.07936507936508,0.10752988849184904
RandomForest,100.0,0.025461522406171548
SVM_Linear,100.0,0.00894344828711901
SVM_Poly,100.0,0.008925742721841922
SVM_RBF,100.0,0.00891012183661356
SVM_Sigmoid,100.0,0.008941552096546884
